﻿table with row headers in column A and column headers in rows 3 through 4 (leading dots indicate sub-parts),,,,,,,,,,,,
"Annual Estimates of the Resident Population for Counties in New Mexico: April 1, 2010 to July 1, 2019",,,,,,,,,,,,
Geographic Area,"April 1, 2010",,Population Estimate (as of July 1),,,,,,,,,
,Census,Estimates Base,2010,2011,2012,2013,2014,2015,2016,2017,2018,2019
New Mexico,2059179,2059179,2059179,2059179,2059179,2059179,2059179,2059179,2059179,2091784,2092741,2096829
".Bernalillo County, New Mexico",662564,662477,663923,670283,673615,676326,675957,676248,677683,678203,678034,679121
".Catron County, New Mexico",3725,3727,3748,3716,3635,3586,3547,3476,3518,3553,3554,3527
".Chaves County, New Mexico",65645,65648,65720,65720,65765,66009,65809,65825,65646,65080,64554,64615
".Cibola County, New Mexico",27213,27215,27315,27489,27418,27414,27155,27044,27049,26921,26766,26675
".Colfax County, New Mexico",13750,13751,13725,13618,13246,13068,12703,12429,12250,12151,12071,11941
".Curry County, New Mexico",48376,48376,48971,49819,50806,50775,51109,50290,50283,49794,49338,48954
".De Baca County, New Mexico",2022,2024,2031,2000,1957,1928,1861,1873,1835,1805,1779,1748
".Doña Ana County, New Mexico",209233,209217,210097,213126,214450,214288,213933,214034,214663,216174,217278,218195
".Eddy County, New Mexico",53829,53828,53909,54070,54419,55662,56682,57715,57650,57108,57729,58460
".Grant County, New Mexico",29514,29512,29383,29346,29257,29104,28871,28364,28040,27642,27303,26998
".Guadalupe County, New Mexico",4687,4688,4695,4625,4591,4531,4442,4350,4369,4410,4334,4300
".Harding County, New Mexico",695,695,690,713,700,691,693,719,687,684,650,625
".Hidalgo County, New Mexico",4894,4898,4864,4843,4780,4624,4549,4436,4324,4298,4231,4198
".Lea County, New Mexico",64727,64726,64598,65126,66362,68613,70165,71476,70249,69046,69543,71070
".Lincoln County, New Mexico",20497,20493,20450,20406,20194,19976,19597,19352,19397,19468,19518,19572
".Los Alamos County, New Mexico",17950,17950,17994,18229,18234,17947,17803,17817,18209,18742,18988,19369
".Luna County, New Mexico",25095,25095,25081,25106,24921,24592,24428,24367,24362,24100,23877,23709
".McKinley County, New Mexico",71492,71485,71673,72332,72365,72665,72796,73462,73028,72423,71911,71367
".Mora County, New Mexico",4881,4881,4893,4781,4684,4695,4613,4609,4533,4530,4487,4521
".Otero County, New Mexico",63797,63832,64403,65642,66208,66304,65336,64768,65647,66121,66659,67490
".Quay County, New Mexico",9041,9040,9064,9045,8808,8675,8465,8445,8390,8299,8242,8253
".Rio Arriba County, New Mexico",40246,40220,40286,40244,40195,40064,39736,39370,39245,39235,39023,38921
".Roosevelt County, New Mexico",19846,19840,20018,20430,20318,20021,19647,19137,19145,18900,18759,18500
".Sandoval County, New Mexico",131561,131621,132431,134326,135380,136311,137023,138521,140464,142689,145096,146748
".San Juan County, New Mexico",130044,130045,130203,129711,129756,129467,129084,128246,127954,126917,125499,123958
".San Miguel County, New Mexico",29393,29375,29393,29352,29091,28819,28493,28215,28005,27715,27480,27277
".Santa Fe County, New Mexico",144170,144232,144522,145847,146722,147465,147782,148098,148758,149491,149761,150358
".Sierra County, New Mexico",11988,11996,12041,12023,11854,11524,11264,11236,11117,11064,10949,10791
".Socorro County, New Mexico",17866,17861,17791,17775,17475,17509,17258,17152,16964,16832,16704,16637
".Taos County, New Mexico",32937,32933,32895,32890,32759,32957,32963,32797,32922,32790,32699,32723
".Torrance County, New Mexico",16383,16380,16404,16447,16155,15825,15666,15596,15491,15535,15512,15461
".Union County, New Mexico",4549,4553,4541,4410,4400,4347,4246,4163,4154,4180,4108,4059
".Valencia County, New Mexico",76569,76585,76800,76960,76789,76491,75892,75661,75599,75884,76305,76688
"Note: The estimates are based on the 2010 Census and reflect changes to the April 1, 2010 population due to the Count Question Resolution program and geographic program revisions. All geographic boundaries for the 2019 population estimates are as of January 1, 2019. For population estimates methodology statements, see http://www.census.gov/programs-surveys/popest/technical-documentation/methodology.html.",,,,,,,,,,,,
Suggested Citation:,,,,,,,,,,,,
"Annual Estimates of the Resident Population for Counties in New Mexico: April 1, 2010 to July 1, 2019 (CO-EST2019-ANNRES-35)",,,,,,,,,,,,
"Source: U.S. Census Bureau, Population Division",,,,,,,,,,,,
Release Date: March 2020,,,,,,,,,,,,
