"Table 1.3 Fastest growing occupations, 2016 and projected 2026
(Numbers in thousands)",,,,,,
2016 National Employment Matrix title and code,,Employment,,"Change, 2016-26",,"Median annual wage, 2017(1)"
,,2016,2026,Number,Percent,
"Total, all occupations",00-0000,156063.80,167582.30,11518.60,7.40,37690.00
Solar photovoltaic installers,47-2231,11.30,23.10,11.80,104.90,39490.00
Wind turbine service technicians,49-9081,5.80,11.30,5.60,96.30,53880.00
Home health aides,31-1011,911.50,1342.70,431.20,47.30,23210.00
Personal care aides,39-9021,2016.10,2793.80,777.60,38.60,23100.00
Physician assistants,29-1071,106.20,145.90,39.60,37.30,104860.00
Nurse practitioners,29-1171,155.50,211.60,56.10,36.10,103880.00
Statisticians,15-2041,37.20,49.80,12.60,33.80,84060.00
Physical therapist assistants,31-2021,88.30,115.80,27.40,31.00,57430.00
"Software developers, applications",15-1132,831.30,1086.60,255.40,30.70,101790.00
Mathematicians,15-2021,3.10,4.00,0.90,29.70,103010.00
Physical therapist aides,31-2022,52.00,67.20,15.30,29.40,25730.00
Bicycle repairers,49-3091,12.40,16.10,3.60,29.30,28390.00
Medical assistants,31-9092,634.40,818.40,183.90,29.00,32480.00
Genetic counselors,29-9092,3.10,4.00,0.90,29.00,77480.00
Occupational therapy assistants,31-2011,39.30,50.70,11.40,28.90,59310.00
Information security analysts,15-1122,100.00,128.50,28.50,28.50,95510.00
Physical therapists,29-1123,239.80,306.90,67.10,28.00,86850.00
Operations research analysts,15-2031,114.00,145.30,31.30,27.40,81390.00
Forest fire inspectors and prevention specialists,33-2022,1.70,2.20,0.50,26.60,37380.00
Massage therapists,31-9011,160.30,202.40,42.10,26.30,39990.00
"Health specialties teachers, postsecondary",25-1071,233.50,294.00,60.60,25.90,97870.00
"Derrick operators, oil and gas",47-5011,11.10,13.90,2.80,25.70,46140.00
"Roustabouts, oil and gas",47-5071,50.00,62.40,12.40,24.80,36960.00
Occupational therapy aides,31-2012,7.50,9.30,1.80,24.70,29200.00
Phlebotomists,31-9097,122.70,152.80,30.10,24.50,33670.00
Nonfarm animal caretakers,39-2021,241.50,300.00,58.50,24.20,22950.00
"Rotary drill operators, oil and gas",47-5012,16.70,20.80,4.00,24.20,53980.00
"Nursing instructors and teachers, postsecondary",25-1072,67.90,84.20,16.30,24.00,71260.00
Occupational therapists,29-1122,130.40,161.40,31.00,23.80,83200.00
"Service unit operators, oil, gas, and mining",47-5013,41.40,51.10,9.70,23.40,48290.00
Footnotes:,,,,,,
"(1) Data are from the Occupational Employment Statistics program, U.S. Bureau of Labor Statistics. Wage data cover non-farm wage and salary workers and do not cover the self-employed, owners and partners in unincorporated firms, or household workers.",,,,,,
"Source: Employment Projections program, U.S. Bureau of Labor Statistics",,,,,,
